,0
ability_Fluency of Ideas,0.2789102749262769
ability_Originality,0.19983935891619375
skill_Active Learning,0.08158526258447168
knowledge_Therapy and Counseling,0.04662675812810825
skill_Learning Strategies,0.03306774900249654
ability_Problem Sensitivity,0.030522668602217362
ability_Deductive Reasoning,0.016979848197872842
knowledge_Education and Training,0.011247047140887728
context_Degree of Automation,0.009963723267097123
context_Importance of Repeating Same Tasks,0.009788819393636728
ability_Memorization,0.009101301300563183
skill_Speaking,0.008528222987731334
context_Physical Proximity,0.007876850636343451
"context_Exposed to Cramped Work Space, Awkward Positions",0.007786999256374777
knowledge_Psychology,0.007305771715341782
skill_Critical Thinking,0.006770625296231373
knowledge_Geography,0.006684997017424021
ability_Selective Attention,0.006392059563165528
context_Spend Time Sitting,0.006377946113938905
knowledge_Mathematics,0.005505148363924663
context_Exposed to Disease or Infections,0.005168105208914889
knowledge_Medicine and Dentistry,0.005005169218296446
context_Time Pressure,0.004809088767851048
context_In an Enclosed Vehicle or Operate Enclosed Equipment,0.004743362779042182
knowledge_Transportation,0.004585700390272425
skill_Monitoring,0.004022341034111872
context_Level of Competition,0.0039766636024482944
ability_Oral Expression,0.003966753353217476
"context_Determine Tasks, Priorities and Goals",0.0038923632550727522
knowledge_Sales and Marketing,0.0038619706834968027
ability_Trunk Strength,0.0037346166567602513
context_Exposed to Radiation,0.0036887833765519846
ability_Written Expression,0.003591616218375222
ability_Flexibility of Closure,0.003561792814080045
context_Contact With Others,0.003535360618661203
knowledge_Design,0.003463716564892536
knowledge_Fine Arts,0.003322035170795969
knowledge_Biology,0.0032236069135605262
context_Exposed to Extremely Bright or Inadequate Lighting Conditions,0.003054934897901318
"context_Spend Time Kneeling, Crouching, Stooping, or Crawling",0.003053073993520674
context_Deal With External Customers or the Public in General,0.0029798194078721357
"context_Dealing With Unpleasant, Angry, or Discourteous People",0.0027955057976134404
knowledge_Foreign Language,0.002757477645986056
context_Spend Time Walking or Running,0.002752342337305292
skill_Science,0.0027241633792470144
context_Face-to-Face Discussions with Individuals and Within Teams,0.0027052058781452996
knowledge_Customer and Personal Service,0.0025272070951232314
context_Work Outcomes and Results of Other Workers,0.002495711642402253
ability_Perceptual Speed,0.0024229067398935543
context_Importance of Being Exact or Accurate,0.00240001778499515
knowledge_Law and Government,0.0023977148703577607
ability_Dynamic Flexibility,0.002244479443812768
ability_Visual Color Discrimination,0.0022124879381567493
knowledge_Economics and Accounting,0.002163715615852488
knowledge_Telecommunications,0.0021531283266783994
context_Exposed to High Places,0.002127738299233655
knowledge_Physics,0.002095667336488744
"context_Indoors, Not Environmentally Controlled",0.0020899831817999637
ability_Hearing Sensitivity,0.0020843428741314754
ability_Spatial Orientation,0.002076371100852526
context_Telephone Conversations,0.002031409307865291
context_Health and Safety of Other Workers,0.002027309736407641
context_Spend Time Standing,0.001926044677196529
"context_Outdoors, Under Cover",0.0019125121637077753
"context_Wear Specialized Protective or Safety Equipment such as Breathing Apparatus, Safety Harness, Full Protection Suits, or Radiation Protection",0.0018719799926426009
ability_Time Sharing,0.0018103312908600373
ability_Far Vision,0.001716866697378829
context_Consequence of Error,0.0017097226447028507
knowledge_Production and Processing,0.0016990182763203243
context_Coordinate or Lead Others in Accomplishing Work Activities,0.0016946344328624414
context_Public Speaking,0.0016876640596030436
knowledge_Administrative,0.0016863280501110366
context_Dealing with Violent or Physically Aggressive People,0.00167932936897339
"context_Indoors, Environmentally Controlled",0.001640692290750748
knowledge_Philosophy and Theology,0.0016328011477447794
knowledge_History and Archeology,0.0015873798628043842
context_Exposed to Contaminants,0.0015469720569242014
ability_Speech Recognition,0.0015074787195021554
ability_Speed of Closure,0.0015065001676633405
knowledge_English Language,0.0014953135168139864
context_Spend Time Making Repetitive Motions,0.0013801355989224776
context_Work With or Contribute to a Work Group or Team,0.0013639675840332527
"context_Spend Time Using Your Hands to Handle, Control, or Feel Objects, Tools, or Controls",0.0013265665748125074
ability_Wrist-Finger Speed,0.0012967686530174886
knowledge_Sociology and Anthropology,0.0012966164480591796
knowledge_Building and Construction,0.001282056530074557
knowledge_Computers and Electronics,0.0011898614797552047
context_In an Open Vehicle or Operating Equipment,0.0011633884643178997
ability_Oral Comprehension,0.001155529882927609
context_Written Letters and Memos,0.0011329989284837674
ability_Depth Perception,0.001132278961210648
context_Exposed to Hazardous Conditions,0.001122969004212578
knowledge_Chemistry,0.0011164957321717747
"context_Exposed to Sounds, Noise Levels that are Distracting or Uncomfortable",0.0011133727481467857
knowledge_Food Production,0.0010736466896894583
context_Pace Determined by Speed of Equipment,0.0010531540558259178
context_Frequency of Decision Making,0.001041239388725505
knowledge_Mechanical,0.0010406984938118335
ability_Stamina,0.0010292402520229824
skill_Writing,0.0010262148190558866
context_Exposed to Hazardous Equipment,0.0010185960130629909
skill_Mathematics,0.0010148260569866176
ability_Speed of Limb Movement,0.0009940336781495026
context_E-Mail,0.0009855510036342677
"context_Outdoors, Exposed to All Weather Conditions",0.0009447606139977233
"context_Spend Time Climbing Ladders, Scaffolds, or Poles",0.000927027546875084
knowledge_Personnel and Human Resources,0.0009257488292169074
context_Freedom to Make Decisions,0.0009175635692697283
ability_Glare Sensitivity,0.0008990943320156159
knowledge_Administration and Management,0.0008792544095466431
ability_Written Comprehension,0.0008766953247922413
skill_Active Listening,0.0008311469365437683
context_Impact of Decisions on Co-workers or Company Results,0.0007963399306533587
ability_Arm-Hand Steadiness,0.0007782266929769645
knowledge_Engineering and Technology,0.0007545369848838498
ability_Information Ordering,0.0007498050374870604
context_Exposed to Very Hot or Cold Temperatures,0.0007337532271317168
knowledge_Public Safety and Security,0.0007073449312580258
knowledge_Communications and Media,0.0006397466429944065
ability_Sound Localization,0.0006009949703012949
ability_Finger Dexterity,0.000569224321783019
ability_Speech Clarity,0.000547034309213201
context_Exposed to Whole Body Vibration,0.0004438107456890957
ability_Dynamic Strength,0.0004364873115369571
ability_Peripheral Vision,0.00043213114458920095
ability_Static Strength,0.0004290120014664065
context_Conflict Situations,0.0003927691160023878
ability_Inductive Reasoning,0.0003875163234577891
ability_Number Facility,0.0003844144115468011
ability_Auditory Attention,0.0003793097917553123
ability_Near Vision,0.00035065187928216374
ability_Night Vision,0.00033578376949806193
ability_Control Precision,0.0003044517766042305
skill_Reading Comprehension,0.0003043058931771423
context_Spend Time Bending or Twisting Your Body,0.00029720653631337923
ability_Mathematical Reasoning,0.0002678861669267457
ability_Category Flexibility,0.00022004552094636828
ability_Explosive Strength,0.00017398766593826564
context_Spend Time Keeping or Regaining Balance,0.0001730466775272944
ability_Manual Dexterity,0.00017098718927782407
ability_Gross Body Coordination,0.0001554561419923335
"context_Wear Common Protective or Safety Equipment such as Safety Shoes, Glasses, Gloves, Hearing Protection, Hard Hats, or Life Jackets",0.00015449391428419825
ability_Rate Control,0.00014892335775480446
"context_Exposed to Minor Burns, Cuts, Bites, or Stings",0.0001432418182927527
ability_Response Orientation,9.363239222997861e-05
ability_Extent Flexibility,7.693673414983199e-05
ability_Gross Body Equilibrium,7.086255424628175e-05
ability_Visualization,7.052999974717109e-05
ability_Reaction Time,6.86971909819914e-05
ability_Multilimb Coordination,6.153237828708016e-06
