mjj2ccleanmaingroup,weighted_avg_risk,pop_share_pct,label
5.0,0.8461181720339012,36.93093978512483,Service & Sales
6.0,0.6258121312780667,23.974954943632767,Skilled Agri/Forestry/Fishery
7.0,0.7208213278854764,14.244763979586384,Craft & Related Trades
9.0,0.8198168626634154,8.989078293525676,Elementary Occupations
8.0,0.6242061149127935,6.29511815884255,Plant/Machine Operators
2.0,0.10321315633431066,4.976639876031853,Professionals
3.0,0.39042087787239943,2.5158037516364553,Technicians/Associate Prof.
4.0,0.9000534966320415,1.0609072526334478,Clerical Support
1.0,0.16238473179747384,1.011793958986043,Managers
